<?xml version="1.0" encoding="utf-8" ?>
<work>
	<items table="category" prefix="JTable" nested="1" >
		<item return="cat2" >
			<parent_id>1</parent_id>
			<extension>com_joomblog</extension>
			<title>JoomPlace extensions</title>
			<alias unique="1" >joomplace-extensions</alias>
			<note></note>
			<description></description>
			<published>1</published>
			<checked_out>0</checked_out>
			<checked_out_time>0000-00-00 00:00:00</checked_out_time>
			<access>1</access>
			<params>{&quot;category_layout&quot;:&quot;&quot;,&quot;image&quot;:&quot;&quot;}</params>
			<metadesc></metadesc>
			<metakey></metakey>
			<metadata>{&quot;author&quot;:&quot;&quot;,&quot;robots&quot;:&quot;&quot;}</metadata>
			<created_user_id>42</created_user_id>
			<created_time></created_time>
			<modified_user_id>42</modified_user_id>
			<modified_time></modified_time>
			<hits>0</hits>
			<language>*</language>
		</item>
	</items>
	<items table="Blog" prefix="JoomBlogTable" >
		<item return="blog1" >
			<user_id>42</user_id>
			<published>1</published>
			<approved>1</approved>
			<create_date></create_date>
			<hits>0</hits>
			<private>1</private>
			<title>Admin Blog</title>
			<description>Description of Admin Blog</description>
			<metadata></metadata>
			<metakey></metakey>
		</item>
		<item return="blog2" >
			<user_id>42</user_id>
			<published>1</published>
			<approved>1</approved>
			<create_date></create_date>
			<hits>0</hits>
			<private>0</private>
			<title>JoomPlace Blog</title>
			<description></description>
			<metadata></metadata>
			<metakey></metakey>
		</item>
		<item return="blog3" >
			<user_id>42</user_id>
			<published>1</published>
			<approved>1</approved>
			<create_date></create_date>
			<hits>0</hits>
			<private>0</private>
			<title>JoomPlace News</title>
			<description></description>
			<metadata></metadata>
			<metakey></metakey>
		</item>
	</items>
	<items table="Post" prefix="JoomBlogTable" >
		<item return="i1" >
			<title>BBC style Drag and Drop page</title>
			<alias>bbc-style-drag-and-drop-page</alias>
			<title_alias></title_alias>
			<introtext>&lt;p&gt;&lt;img src=&quot;media/com_joomblog/images/bbc.jpg&quot; border=&quot;0&quot; alt=&quot;BBC Style drag &amp;amp; drop&quot; hspace=&quot;5&quot; vspace=&quot;7&quot; align=&quot;left&quot; /&gt; &lt;a href=&quot;http://www.joomplace.com/drag-and-drop-2/drag-and-drop-2.html&quot; target=&quot;_blank&quot;&gt;&lt;strong&gt;Drag and Drop&lt;/strong&gt; &lt;/a&gt; functionality it what really sets old styled &lt;a href=&quot;http://bbc.co.uk/&quot; target=&quot;_blank&quot;&gt;BBC site &lt;/a&gt; apart from the others. They introduced personalization, added peer  recommendation and enhanced meta data across the website. It really took  them a step forward with the look, feel and ease of use of their  portal. We suggest you to follow in BBC’s footsteps. &lt;br /&gt;&lt;br /&gt;&lt;/p&gt;
	&lt;h3&gt;Save time of your visitors&lt;/h3&gt;
	&lt;p&gt;&lt;br /&gt; We have to read and learn more and more on a daily basis. Visitors will  be really grateful for saving their time. Take a look at  &lt;a href=&quot;http://www.biblionova.nl/&quot; target=&quot;_blank&quot;&gt;&lt;strong&gt;http://www.biblionova.nl&lt;/strong&gt;&lt;/a&gt; site, &lt;em&gt;powered by JoomPlace &lt;a href=&quot;http://www.joomplace.com/drag-and-drop-2/drag-and-drop-2.html&quot; target=&quot;_blank&quot;&gt;Drag and Drop Component &lt;/a&gt;&lt;/em&gt;.  It fully imitates BBC site style and has the same user advantages: easy  navigation, personification, interactivity.  You can easily organize  the page with your most important module section on top and remove the  sections you really do not care for. Drag and Drop functionality allows  you to find easily and read what you came for straight away.  &lt;br /&gt;&lt;br /&gt;&lt;/p&gt;</introtext>
			<fulltext>&lt;h3&gt;Make friends with your visitors&lt;/h3&gt;&lt;p&gt;&lt;br /&gt; It is the next step in site redesign which to enable your visitors to  opt-in to customize the appearance of site view using an innovative Drag  and Drop user interface. It definitely allows visitors to feel like  they design the website and it increases the possibility of your site  being their homepage. &lt;br /&gt;&lt;br /&gt;&lt;/p&gt;&lt;h3&gt;They use JoomPlace Drag&amp;amp;Drop Component:&lt;/h3&gt;&lt;p&gt;&lt;br /&gt; Here are more examples of sites using Drag and Drop functionality:&lt;/p&gt;&lt;ul class=&quot;checklist&quot;&gt;&lt;li&gt;&lt;a href=&quot;http://www.biblionova.nl/&quot; target=&quot;_blank&quot;&gt;&lt;strong&gt;Biblinova&lt;/strong&gt;&lt;/a&gt;&lt;/li&gt;&lt;li&gt;&lt;a href=&quot;http://myweb.nsight.com/&quot; target=&quot;_blank&quot;&gt;&lt;strong&gt;MyNsightTeleservices&lt;/strong&gt;&lt;/a&gt;&lt;/li&gt;
	&lt;li&gt;&lt;a href=&quot;http://www.wimms.org/g_symbol/&quot;&gt;&lt;strong&gt;gSymbol&lt;/strong&gt;&lt;/a&gt;&lt;/li&gt;&lt;/ul&gt;&lt;p&gt;Do you use the same component? You are welcome to the list of users.  Just leave a couple of words and your link in comments below and share  your expirience for Joomla! extensions directory visitors.&lt;/p&gt;</fulltext>
			<state>1</state>
			<sectionid>0</sectionid>
			<mask>0</mask>
			<catid use="cat2" ></catid>
			<blog_id use="blog2" ></blog_id>
			<tags>drag and drop,bbc</tags>
			<created>2011-07-22 10:43:59</created>
			<created_by>42</created_by>
			<created_by_alias></created_by_alias>
			<modified>0000-00-00 00:00:00</modified>
			<modified_by>0</modified_by>
			<checked_out>0</checked_out>
			<checked_out_time>0000-00-00 00:00:00</checked_out_time>
			<publish_up>2011-07-22 10:43:59</publish_up>
			<publish_down>0000-00-00 00:00:00</publish_down>
			<images></images>
			<urls></urls>
			<attribs>{&quot;show_title&quot;:&quot;&quot;,&quot;link_titles&quot;:&quot;&quot;,&quot;show_intro&quot;:&quot;&quot;,&quot;show_category&quot;:&quot;&quot;,&quot;link_category&quot;:&quot;&quot;,&quot;show_parent_category&quot;:&quot;&quot;,&quot;link_parent_category&quot;:&quot;&quot;,&quot;show_author&quot;:&quot;&quot;,&quot;link_author&quot;:&quot;&quot;,&quot;show_create_date&quot;:&quot;&quot;,&quot;show_modify_date&quot;:&quot;&quot;,&quot;show_publish_date&quot;:&quot;&quot;,&quot;show_item_navigation&quot;:&quot;&quot;,&quot;show_icons&quot;:&quot;&quot;,&quot;show_print_icon&quot;:&quot;&quot;,&quot;show_email_icon&quot;:&quot;&quot;,&quot;show_vote&quot;:&quot;&quot;,&quot;show_hits&quot;:&quot;&quot;,&quot;show_noauth&quot;:&quot;&quot;,&quot;alternative_readmore&quot;:&quot;&quot;,&quot;article_layout&quot;:&quot;&quot;}</attribs>
			<version>1</version>
			<parentid>0</parentid>
			<ordering>0</ordering>
			<metakey></metakey>
			<metadesc></metadesc>
			<access>1</access>
			<hits>0</hits>
			<metadata></metadata>
			<featured>0</featured>
			<language>*</language>
			<xreference></xreference>
		</item>
		<item return="i2" >
			<title>Develop Your JomSocial Community Marketing Strategy</title>
			<alias>develop-your-jomsocial-community-marketing-strategy</alias>
			<title_alias></title_alias>
			<introtext>&lt;div&gt;&lt;div class=&quot;fl&quot;&gt;&lt;img src=&quot;media/com_joomblog/images/survey.jpg&quot; border=&quot;0&quot; alt=&quot;Survey Force Deluxe&quot; /&gt;&lt;/div&gt;
	&lt;p&gt;&lt;em&gt;&lt;a href=&quot;http://www.joomplace.com/e-learning/surveyforce-deluxe.html&quot; target=&quot;_blank&quot;&gt;Survey Force Deluxe&lt;/a&gt; is integrated with JomSocial. So members can create surveys/polls from  the front-end. Add this easy possibility and convert passive observers  into active members. Just adding one option after another will not move  your Community to peak condition. You should collect information about  your members needs and desires to build your key marketing strategy.&lt;/em&gt;&lt;/p&gt;&lt;br /&gt;&lt;p&gt;You can use Survey Force Deluxe to capture the key information that  you need for developing a thorough marketing strategy. The problem is to  motivate folks to answer your survey questions. Everyone faces this  problem. That is why we enriched Survey Force Deluxe with &lt;a href=&quot;http://www.alphaplug.com/index.php&quot; target=&quot;_blank&quot;&gt;Alpha User Plugin&lt;/a&gt; (AUP).&lt;/p&gt;&lt;/div&gt;</introtext>
			<fulltext>&lt;p&gt;AUP is a way to create a pretend currency, i.e. &quot;money&quot; for a site. A little like &lt;a href=&quot;http://www.facebook.com/help/?page=1038&quot; target=&quot;_blank&quot;&gt;Facebook Credits&lt;/a&gt;.  You can suggest your users to earn AUP points for answering a survey.  Then the points can be spent on different things. You can suggest any  product, preference or entering a raffle for the points.&lt;/p&gt;&lt;div&gt;&lt;p&gt;It's most important to have something valuable to spend the points  on. Money is not good if you can spend it on nothing! Some ideas for  you:&lt;/p&gt;&lt;/div&gt;&lt;div&gt;&lt;ul&gt;&lt;li&gt;You could upgrade a membership subscription for points;&lt;/li&gt;&lt;li&gt;A storeman could provide the discount coupons to people who earn points;&lt;/li&gt;&lt;li&gt;You could launch a raffle, and give your product to the winners, and  suggest a special coupon code to the ones who didn’t achieve a success.&lt;/li&gt;&lt;/ul&gt;&lt;/div&gt;&lt;p&gt;See AUP website for more ideas - &lt;a href=&quot;http://www.alphaplug.com/index.php&quot; target=&quot;_blank&quot;&gt;http://www.alphaplug.com/index.php&lt;/a&gt;.&lt;/p&gt;&lt;p&gt;Share your experience on using the Alpha User Plugin together with  Survey Force Deluxe. Your feedback inspires to add more and more new  features or&lt;/p&gt;</fulltext>
			<state>1</state>
			<sectionid>0</sectionid>
			<mask>0</mask>
			<catid use="cat2" ></catid>
			<blog_id use="blog2" ></blog_id>
			<tags>jomsocial,survey</tags>
			<created></created>
			<created_by>42</created_by>
			<created_by_alias></created_by_alias>
			<modified>0000-00-00 00:00:00</modified>
			<modified_by>0</modified_by>
			<checked_out>0</checked_out>
			<checked_out_time>0000-00-00 00:00:00</checked_out_time>
			<publish_up></publish_up>
			<publish_down>0000-00-00 00:00:00</publish_down>
			<images></images>
			<urls></urls>
			<attribs>{&quot;show_title&quot;:&quot;&quot;,&quot;link_titles&quot;:&quot;&quot;,&quot;show_intro&quot;:&quot;&quot;,&quot;show_category&quot;:&quot;&quot;,&quot;link_category&quot;:&quot;&quot;,&quot;show_parent_category&quot;:&quot;&quot;,&quot;link_parent_category&quot;:&quot;&quot;,&quot;show_author&quot;:&quot;&quot;,&quot;link_author&quot;:&quot;&quot;,&quot;show_create_date&quot;:&quot;&quot;,&quot;show_modify_date&quot;:&quot;&quot;,&quot;show_publish_date&quot;:&quot;&quot;,&quot;show_item_navigation&quot;:&quot;&quot;,&quot;show_icons&quot;:&quot;&quot;,&quot;show_print_icon&quot;:&quot;&quot;,&quot;show_email_icon&quot;:&quot;&quot;,&quot;show_vote&quot;:&quot;&quot;,&quot;show_hits&quot;:&quot;&quot;,&quot;show_noauth&quot;:&quot;&quot;,&quot;alternative_readmore&quot;:&quot;&quot;,&quot;article_layout&quot;:&quot;&quot;}</attribs>
			<version>1</version>
			<parentid>0</parentid>
			<ordering>0</ordering>
			<metakey></metakey>
			<metadesc></metadesc>
			<access>1</access>
			<hits>0</hits>
			<metadata></metadata>
			<featured>0</featured>
			<language>*</language>
			<xreference></xreference>
		</item>
		<item return="i3" >
			<title>How to turn your PDF into a Flipping Magazine QUICKLY?</title>
			<alias>how-to-turn-your-pdf-into-a-flipping-magazine-quickly-</alias>
			<title_alias></title_alias>
			<introtext>&lt;p&gt;&lt;img src=&quot;media/com_joomblog/images/magazine.jpg&quot; border=&quot;0&quot; alt=&quot;alt&quot; align=&quot;left&quot; /&gt;&lt;/p&gt;
	&lt;p&gt;We developed &lt;a href=&quot;http://www.joomplace.com/joomla-components/flash-magazine-deluxe-component.html&quot; target=&quot;_blank&quot; title=&quot;Flipping Magazine&quot;&gt;Flash Magazine Deluxe&lt;/a&gt; to help you create real online flipping Magazines/Catalogs on your  Joomla! site. You can enrich magazine with sound, pictures, text, links  and even with video. Have a look at &lt;a href=&quot;http://demo16.joomplace.com/flash-magazine-deluxe.html&quot; target=&quot;_blank&quot; title=&quot;Flipping Magazine Demo&quot;&gt;Demo&lt;/a&gt;.&lt;/p&gt;&lt;p&gt; &lt;/p&gt;&lt;h2&gt;Welcome PDF&lt;/h2&gt;&lt;p style=&quot;margin-left: 35.4pt; text-align: justify;&quot;&gt;PDF  is the most popular and common format for e-Magazines/Catalogs.  Majority of our customers create their e-Magazines in PDF format. Such  Magazines can be emailed and easily shared.&lt;/p&gt;&lt;p&gt;The next step is producing remarkable online digital editions with page turning effects and placing them on your &lt;a href=&quot;http://www.joomla.org/about-joomla.html&quot; target=&quot;_blank&quot; title=&quot;Joomla&quot;&gt;Joomla!&lt;/a&gt; site. We all prefer spend less time for such tasks… Aren’t you?&lt;/p&gt;</introtext>
			<fulltext>&lt;h2&gt;What we’ve done&lt;/h2&gt;&lt;p&gt; &lt;/p&gt;&lt;p&gt;We updated Flash Magazine Deluxe with the MultiUpload tool to help you  save your time and turn your PDF magazines into a real Adobe Flash based  page-flipping magazine in minutes. Just convert PDF into images and  create a magazine from a package with images. No programming tricks  needed!&lt;/p&gt;
	&lt;p&gt;&lt;strong&gt;See the brief instructions:&lt;/strong&gt;&lt;/p&gt;&lt;ul class=&quot;checklist&quot;&gt;&lt;li&gt;&lt;em&gt;Convert PDF to Images&lt;/em&gt;&lt;br /&gt;&lt;br /&gt; Use some free or paid soft for converting. We tested tool  &lt;a href=&quot;http://www.freepdftoimage.com/&quot; target=&quot;_blank&quot;&gt;123PDF to Image&lt;/a&gt; for Windows. It’s really easy to use.&lt;/li&gt;&lt;br /&gt;&lt;li&gt;&lt;em&gt;Upload images&lt;/em&gt;&lt;br /&gt;&lt;br /&gt; Images may be uploaded to any folder of your site relative to Joomla!  root directory or arranged as a package of images. Please note that your  server should allow uploading files of big size in case you use the  package method.&lt;/li&gt;&lt;br /&gt;&lt;li&gt;&lt;em&gt;Create a magazine and configure its look&amp;amp;feel&lt;/em&gt;&lt;/li&gt;&lt;br /&gt;&lt;li&gt;&lt;em&gt;Create pages using the MultiUpload feature&lt;/em&gt;&lt;/li&gt;&lt;/ul&gt;&lt;p&gt; &lt;/p&gt;&lt;h2&gt;Why we didn’t develop all-in-one solution&lt;/h2&gt;&lt;ul class=&quot;checklist&quot;&gt;&lt;li&gt;We could create a script to work on all kind of servers. We didn’t  do it, though, to avoid additional bugs and be sure that users will get  what they expect&lt;/li&gt;&lt;li&gt;Too many of &lt;a href=&quot;http://www.joomla.org/about-joomla.html&quot; title=&quot;Joomla&quot;&gt;Joomla!&lt;/a&gt; extensions have more options than you need. We decided to avoid over-loading &lt;a href=&quot;http://www.joomplace.com/joomla-components/flash-magazine-deluxe-component.html&quot; target=&quot;_blank&quot; title=&quot;Flipping Magazine&quot;&gt;Flash Magazine Deluxe&lt;/a&gt; leaving it simple and usable&lt;/li&gt;
	&lt;/ul&gt;</fulltext>
			<state>1</state>
			<sectionid>0</sectionid>
			<mask>0</mask>
			<catid use="cat2" ></catid>
			<blog_id use="blog2" ></blog_id>
			<tags>pdf,flashmagazine deluxe</tags>
			<created></created>
			<created_by>42</created_by>
			<created_by_alias></created_by_alias>
			<modified>0000-00-00 00:00:00</modified>
			<modified_by>0</modified_by>
			<checked_out>0</checked_out>
			<checked_out_time>0000-00-00 00:00:00</checked_out_time>
			<publish_up></publish_up>
			<publish_down>0000-00-00 00:00:00</publish_down>
			<images></images>
			<urls></urls>
			<attribs>{&quot;show_title&quot;:&quot;&quot;,&quot;link_titles&quot;:&quot;&quot;,&quot;show_intro&quot;:&quot;&quot;,&quot;show_category&quot;:&quot;&quot;,&quot;link_category&quot;:&quot;&quot;,&quot;show_parent_category&quot;:&quot;&quot;,&quot;link_parent_category&quot;:&quot;&quot;,&quot;show_author&quot;:&quot;&quot;,&quot;link_author&quot;:&quot;&quot;,&quot;show_create_date&quot;:&quot;&quot;,&quot;show_modify_date&quot;:&quot;&quot;,&quot;show_publish_date&quot;:&quot;&quot;,&quot;show_item_navigation&quot;:&quot;&quot;,&quot;show_icons&quot;:&quot;&quot;,&quot;show_print_icon&quot;:&quot;&quot;,&quot;show_email_icon&quot;:&quot;&quot;,&quot;show_vote&quot;:&quot;&quot;,&quot;show_hits&quot;:&quot;&quot;,&quot;show_noauth&quot;:&quot;&quot;,&quot;alternative_readmore&quot;:&quot;&quot;,&quot;article_layout&quot;:&quot;&quot;}</attribs>
			<version>1</version>
			<parentid>0</parentid>
			<ordering>0</ordering>
			<metakey></metakey>
			<metadesc></metadesc>
			<access>1</access>
			<hits>0</hits>
			<metadata></metadata>
			<featured>0</featured>
			<language>*</language>
			<xreference></xreference>
		</item>
		<item return="i4" >
			<title>Advanced JomSocial Bundle Release</title>
			<alias>advanced-jomsocial-bundle-release</alias>
			<title_alias></title_alias>
			<introtext>&lt;p&gt;We are glad to introduce &lt;a href=&quot;http://www.joomplace.com/jomsocial-plugins/jomsocial-plugins-bundle.html&quot;&gt;Advanced JomSocial Bundle&lt;/a&gt;.&lt;/p&gt;&lt;table border=&quot;0&quot;&gt;&lt;tbody&gt;&lt;tr&gt;&lt;td&gt;&lt;img src=&quot;media/com_joomblog/images/box_big.png&quot; border=&quot;0&quot; alt=&quot;JomSocial Bundle&quot; /&gt;&lt;/td&gt;&lt;td&gt;&lt;a href=&quot;http://www.joomplace.com/jomsocial-plugins/jomsocial-plugins-bundle.html&quot;&gt;JomSocial Plugins Bundle&lt;/a&gt; is a set of &lt;a href=&quot;http://www.jomsocial.com/&quot; target=&quot;_blank&quot;&gt;JomSocial plugins&lt;/a&gt; which helps you extend the functionality of your JomSocial application. The bundle is meant to save you time on installation. &lt;br /&gt;&lt;p&gt;JomSocial Plugins Bundle consists of the following plugins:&lt;/p&gt;&lt;ul&gt;&lt;li&gt;Profile Guests,&lt;/li&gt;&lt;li&gt;Featured Photos,&lt;/li&gt;&lt;li&gt;Profile Designer,&lt;/li&gt;
	&lt;li&gt;Classifieds,&lt;/li&gt;&lt;li&gt;Drag'n'Drop,&lt;/li&gt;&lt;li&gt;Graffiti Wall.&lt;/li&gt;&lt;/ul&gt;&lt;/td&gt;&lt;/tr&gt;&lt;/tbody&gt;&lt;/table&gt;&lt;p&gt; &lt;/p&gt;</introtext>
			<fulltext>&lt;p&gt;New &lt;strong&gt;Advanced JomSocial Bundle&lt;/strong&gt; combines all the mentioned plugins and &lt;a href=&quot;http://www.joomplace.com/e-learning/surveyforce-deluxe.html&quot;&gt;Survey Force Deluxe&lt;/a&gt; – advanced  Survey and Polling Tool. It will help you &lt;a href=&quot;http://www.joomplace.com/joomplace-blog/develop-your-jomsocial-community-marketing-strategy.html&quot;&gt;Develop Your JomSocial Community Marketing Strategy&lt;/a&gt; and move your Community to peak condition. With Survey Force Deluxe you can:&lt;/p&gt;&lt;ul&gt;&lt;li&gt;Carry out surveys and collect information about your members needs and desires.&lt;/li&gt;&lt;li&gt;Create a pretend currency (&lt;a href=&quot;http://www.alphaplug.com/index.php&quot; target=&quot;_blank&quot;&gt;AUP points&lt;/a&gt;) for a site and suggest your Community members earn AUP points for answering a survey.&lt;/li&gt;&lt;/ul&gt;&lt;p&gt;Besides you can give members possibility to create surveys/polls from  the front-end. It will allow converting passive observers into active  members. Survey Force Deluxe will help you and your community members  get the best out of your JomSocial sites.&lt;/p&gt;&lt;p&gt;&lt;strong&gt;Just $120 for all these products&lt;/strong&gt; if you purchase Advanced JomSocial Bundle. You save up to 45$!&lt;/p&gt;&lt;table&gt;&lt;tbody&gt;&lt;tr&gt;&lt;td&gt;&lt;img src=&quot;media/com_joomblog/images/newsletter_r8_c2.png&quot; border=&quot;0&quot; alt=&quot;Free Gifts from OStraining&quot; /&gt;&lt;/td&gt;
	&lt;td&gt;JomSocial celebrated &lt;a href=&quot;http://www.jomsocial.com/blog/celebrate-mothers-day-with-free-gift-and-coupon.html?referrer=joomplace_&quot; target=&quot;_blank&quot;&gt;Mother’s Day with Free Gifts from OStraining&lt;/a&gt; worth $96 for new customers. If you have missed the opportunity already  being a JomSocial user, we are glad to offer you a second chance.  JoomPlace partnered up with OStraining in order to give the same  advantage to current JomSocial users.&lt;/td&gt;&lt;/tr&gt;&lt;/tbody&gt;&lt;/table&gt;&lt;p&gt;Until midnight June 4, you will get 2-Month &lt;a href=&quot;http://click.icptrack.com/icp/relay.php?r=50381289&amp;amp;msgid=657695&amp;amp;act=8X67&amp;amp;c=311404&amp;amp;destination=http%3A%2F%2Fwww.ostraining.com%2Fjoomla-training%2F&quot; target=&quot;_blank&quot;&gt;Joomla! Training&lt;/a&gt; and 1 license of &lt;a href=&quot;http://click.icptrack.com/icp/relay.php?r=50381289&amp;amp;msgid=657695&amp;amp;act=8X67&amp;amp;c=311404&amp;amp;destination=http%3A%2F%2Fwww.ostraining.com%2Fjoomla-ostoolbar%2F&quot; target=&quot;_blank&quot;&gt;OSToolbar&lt;/a&gt; from OSTraining if you buy the Advanced JomSocial Bundle.&lt;/p&gt;&lt;table&gt;&lt;tbody&gt;&lt;tr&gt;&lt;td align=&quot;center&quot;&gt;&lt;img src=&quot;media/com_joomblog/images/newsletter_r10_c3.png&quot; border=&quot;0&quot; alt=&quot;Free&quot; /&gt;&lt;/td&gt;&lt;td width=&quot;40&quot;&gt;&lt;/td&gt;&lt;td align=&quot;center&quot;&gt;&lt;img src=&quot;media/com_joomblog/images/newsletter_r10_c7.png&quot; border=&quot;0&quot; alt=&quot;Free&quot; /&gt;&lt;/td&gt;&lt;/tr&gt;&lt;tr&gt;
	&lt;td&gt;&lt;a href=&quot;http://www.ostraining.com/joomla-training/&quot; target=&quot;_blank&quot;&gt;&lt;strong&gt;2 Months Joomla Training&lt;/strong&gt;&lt;/a&gt; ($47) is a suite of professionally created videos and tutorials that  provides you step-by-step guidelines on how to build wonderful Joomla!  websites. You will be able to learn at your own pace 24/7! Beginner and  Intermediate level classes will be available to you.&lt;/td&gt;&lt;td width=&quot;40&quot;&gt;&lt;/td&gt;&lt;td&gt;&lt;a href=&quot;http://www.ostraining.com/joomla-ostoolbar/&quot; target=&quot;_blank&quot;&gt;&lt;strong&gt;OSToolbar&lt;/strong&gt;&lt;/a&gt; ($49) is a new revolutionary extension that arranges video tutorials  throughout your Joomla! administrator area. OSToolbar makes sure that  you will always have the very best Joomla! training and support exactly  when and where you need it.&lt;/td&gt;
	&lt;/tr&gt;&lt;/tbody&gt;&lt;/table&gt;&lt;p&gt;These two products will definitely help you and your clients get the best out of your Joomla sites.&lt;/p&gt;
	&lt;p&gt;Take advantage of the Advanced JomSocial Bundle and get 2 Free Gifts worth $96. To take advantage of the deal, visit &lt;a href=&quot;http://www.joomplace.com/jomsocial-plugins/jomsocial-plugins-bundle.html&quot;&gt;http://www.joomplace.com/jomsocial-plugins/jomsocial-plugins-bundle.html&lt;/a&gt;.&lt;/p&gt;
	&lt;p&gt;We will email you the coupon code and the secret link you will need to  get the Gifts once you’ve purchased the Advanced JomSocial Bundle.&lt;/p&gt;
	&lt;p&gt;This offer expires at midnight, Wednesday June 4. Don’t pass up this opportunity.&lt;/p&gt;</fulltext>
			<state>1</state>
			<sectionid>0</sectionid>
			<mask>0</mask>
			<catid use="cat2" ></catid>
			<blog_id use="blog3" ></blog_id>
			<tags>jomsocial,bundle</tags>
			<created></created>
			<created_by>42</created_by>
			<created_by_alias></created_by_alias>
			<modified>0000-00-00 00:00:00</modified>
			<modified_by>0</modified_by>
			<checked_out>0</checked_out>
			<checked_out_time>0000-00-00 00:00:00</checked_out_time>
			<publish_up></publish_up>
			<publish_down>0000-00-00 00:00:00</publish_down>
			<images></images>
			<urls></urls>
			<attribs>{&quot;show_title&quot;:&quot;&quot;,&quot;link_titles&quot;:&quot;&quot;,&quot;show_intro&quot;:&quot;&quot;,&quot;show_category&quot;:&quot;&quot;,&quot;link_category&quot;:&quot;&quot;,&quot;show_parent_category&quot;:&quot;&quot;,&quot;link_parent_category&quot;:&quot;&quot;,&quot;show_author&quot;:&quot;&quot;,&quot;link_author&quot;:&quot;&quot;,&quot;show_create_date&quot;:&quot;&quot;,&quot;show_modify_date&quot;:&quot;&quot;,&quot;show_publish_date&quot;:&quot;&quot;,&quot;show_item_navigation&quot;:&quot;&quot;,&quot;show_icons&quot;:&quot;&quot;,&quot;show_print_icon&quot;:&quot;&quot;,&quot;show_email_icon&quot;:&quot;&quot;,&quot;show_vote&quot;:&quot;&quot;,&quot;show_hits&quot;:&quot;&quot;,&quot;show_noauth&quot;:&quot;&quot;,&quot;alternative_readmore&quot;:&quot;&quot;,&quot;article_layout&quot;:&quot;&quot;}</attribs>
			<version>1</version>
			<parentid>0</parentid>
			<ordering>0</ordering>
			<metakey></metakey>
			<metadesc></metadesc>
			<access>1</access>
			<hits>0</hits>
			<metadata></metadata>
			<featured>0</featured>
			<language>*</language>
			<xreference></xreference>
		</item>
		<item return="i5" >
			<title>Joomla Quiz Deluxe: new features are added</title>
			<alias>joomla-quiz-deluxe-new-features-are-added</alias>
			<title_alias></title_alias>
			<introtext>&lt;p&gt;&lt;img src=&quot;media/com_joomblog/images/quiz_deluxe.jpg&quot; border=&quot;0&quot; alt=&quot;Joomla Quiz Deluxe&quot; hspace=&quot;2&quot; align=&quot;left&quot; /&gt; &lt;strong&gt;Joomla Quiz Deluxe ver. 2.5.3 for Joomla! 1.5&lt;/strong&gt; and &lt;strong&gt;ver. 3.0.1 for Joomla! 1.6&lt;/strong&gt; released.&lt;/p&gt;&lt;p&gt;&lt;strong&gt;New features&lt;/strong&gt; are added:&lt;/p&gt;&lt;ul class=&quot;checklist2&quot;&gt;&lt;li&gt;Now it's possible to upload Multiple Choice and Multiple Response questions from csv-file.&lt;/li&gt;&lt;p&gt;&lt;strong&gt;What's more? &lt;/strong&gt;&lt;/p&gt;&lt;li&gt;The users have new capability to see the detailed result page. The users can look at their quizzes results on new page.&lt;/li&gt;&lt;/ul&gt;</introtext>
			<fulltext>&lt;p&gt;THANK YOU! Dear Customers, we've made it owing to your requirements. We're always open for your suggestions.&lt;br /&gt;&lt;br /&gt; You're welcome to share them in our &lt;a href=&quot;http://www.joomplace.com/forum/please-notice-that-support-is-closed-on-weekends-thanks/wish-list-for-components.html&quot;&gt;Wish List&lt;/a&gt;.&lt;/p&gt;</fulltext>
			<state>1</state>
			<sectionid>0</sectionid>
			<mask>0</mask>
			<catid use="cat2" ></catid>
			<blog_id use="blog3" ></blog_id>
			<tags>quiz deluxe</tags>
			<created></created>
			<created_by>42</created_by>
			<created_by_alias></created_by_alias>
			<modified>0000-00-00 00:00:00</modified>
			<modified_by>0</modified_by>
			<checked_out>0</checked_out>
			<checked_out_time>0000-00-00 00:00:00</checked_out_time>
			<publish_up></publish_up>
			<publish_down>0000-00-00 00:00:00</publish_down>
			<images></images>
			<urls></urls>
			<attribs>{&quot;show_title&quot;:&quot;&quot;,&quot;link_titles&quot;:&quot;&quot;,&quot;show_intro&quot;:&quot;&quot;,&quot;show_category&quot;:&quot;&quot;,&quot;link_category&quot;:&quot;&quot;,&quot;show_parent_category&quot;:&quot;&quot;,&quot;link_parent_category&quot;:&quot;&quot;,&quot;show_author&quot;:&quot;&quot;,&quot;link_author&quot;:&quot;&quot;,&quot;show_create_date&quot;:&quot;&quot;,&quot;show_modify_date&quot;:&quot;&quot;,&quot;show_publish_date&quot;:&quot;&quot;,&quot;show_item_navigation&quot;:&quot;&quot;,&quot;show_icons&quot;:&quot;&quot;,&quot;show_print_icon&quot;:&quot;&quot;,&quot;show_email_icon&quot;:&quot;&quot;,&quot;show_vote&quot;:&quot;&quot;,&quot;show_hits&quot;:&quot;&quot;,&quot;show_noauth&quot;:&quot;&quot;,&quot;alternative_readmore&quot;:&quot;&quot;,&quot;article_layout&quot;:&quot;&quot;}</attribs>
			<version>1</version>
			<parentid>0</parentid>
			<ordering>0</ordering>
			<metakey></metakey>
			<metadesc></metadesc>
			<access>1</access>
			<hits>0</hits>
			<metadata></metadata>
			<featured>0</featured>
			<language>*</language>
			<xreference></xreference>
		</item>
		<item return="i6" >
			<title>How to say THANK YOU for JoomPlace component?</title>
			<alias>how-to-say-thank-you-for-joomplace-component-</alias>
			<title_alias></title_alias>
			<introtext>&lt;p&gt;They celebrate wonderful holiday in USA – &lt;a href=&quot;http://en.wikipedia.org/wiki/Thanksgiving&quot; target=&quot;_blank&quot;&gt;Thanksgiving Day&lt;/a&gt;.  It's a holiday that people celebrate by reflecting on the past year and  giving thanks to each other. We believe that the holiday spirit is  worth to be with us every day!&lt;/p&gt;&lt;p&gt;Please , visit JoomPlace components on Joomla Extensions Directory:&lt;br /&gt; &lt;a href=&quot;http://extensions.joomla.org/extensions/owner/joomplace&quot; title=&quot;Joomla extensions directory&quot;&gt;http://extensions.joomla.org/extensions/owner/joomplace&lt;/a&gt;&lt;/p&gt;</introtext>
			<fulltext>&lt;p&gt;Could you share your experience? We'd like you to leave your reviews as THANKS. Your feedback is highly appreciated! Feel free to &lt;strong&gt;&lt;a href=&quot;http://www.joomplace.com/helpdesk/ticket_submit.php&quot;&gt;contact us&lt;/a&gt;&lt;/strong&gt; and accept our THANKS in return. We are looking forward to hear from you soon!&lt;/p&gt;&lt;p&gt;&lt;img src=&quot;media/com_joomblog/images/thanks.jpg&quot; border=&quot;0&quot; alt=&quot;Thanks exchange&quot; title=&quot;Thanks exchange&quot; /&gt;&lt;/p&gt;</fulltext>
			<state>1</state>
			<sectionid>0</sectionid>
			<mask>0</mask>
			<catid use="cat2" ></catid>
			<blog_id use="blog3" ></blog_id>
			<tags>thank you,joomplace</tags>
			<created></created>
			<created_by>42</created_by>
			<created_by_alias></created_by_alias>
			<modified>0000-00-00 00:00:00</modified>
			<modified_by>0</modified_by>
			<checked_out>0</checked_out>
			<checked_out_time>0000-00-00 00:00:00</checked_out_time>
			<publish_up></publish_up>
			<publish_down>0000-00-00 00:00:00</publish_down>
			<images></images>
			<urls></urls>
			<attribs>{&quot;show_title&quot;:&quot;&quot;,&quot;link_titles&quot;:&quot;&quot;,&quot;show_intro&quot;:&quot;&quot;,&quot;show_category&quot;:&quot;&quot;,&quot;link_category&quot;:&quot;&quot;,&quot;show_parent_category&quot;:&quot;&quot;,&quot;link_parent_category&quot;:&quot;&quot;,&quot;show_author&quot;:&quot;&quot;,&quot;link_author&quot;:&quot;&quot;,&quot;show_create_date&quot;:&quot;&quot;,&quot;show_modify_date&quot;:&quot;&quot;,&quot;show_publish_date&quot;:&quot;&quot;,&quot;show_item_navigation&quot;:&quot;&quot;,&quot;show_icons&quot;:&quot;&quot;,&quot;show_print_icon&quot;:&quot;&quot;,&quot;show_email_icon&quot;:&quot;&quot;,&quot;show_vote&quot;:&quot;&quot;,&quot;show_hits&quot;:&quot;&quot;,&quot;show_noauth&quot;:&quot;&quot;,&quot;alternative_readmore&quot;:&quot;&quot;,&quot;article_layout&quot;:&quot;&quot;}</attribs>
			<version>1</version>
			<parentid>0</parentid>
			<ordering>0</ordering>
			<metakey></metakey>
			<metadesc></metadesc>
			<access>1</access>
			<hits>0</hits>
			<metadata></metadata>
			<featured>0</featured>
			<language>*</language>
			<xreference></xreference>
		</item>
	</items>
	<items table="Multicats" prefix="JoomBlogTable" >
		<item>
			<aid use="i1" ></aid>
			<cid use="cat2" ></cid>
		</item>
		<item>
			<aid use="i2" ></aid>
			<cid use="cat2" ></cid>
		</item>
		<item>
			<aid use="i3" ></aid>
			<cid use="cat2" ></cid>
		</item>
		<item>
			<aid use="i4" ></aid>
			<cid use="cat2" ></cid>
		</item>
		<item>
			<aid use="i5" ></aid>
			<cid use="cat2" ></cid>
		</item>
		<item>
			<aid use="i6" ></aid>
			<cid use="cat2" ></cid>
		</item>
	</items>
</work>
